amru_I	barû_II	7.6
amru_I	pānû_I	2
raṣpu_I	epēšu_II	7.3
eddu_I	zaqtu_I	7.9
eddu_I	arku_I	4
ekdu_I	nadru_I	8.6
ekdu_I	ṣīru_I	2.6
ellu_I	zakû_I	7
ellu_I	ṣīru_I	5.4
ezzu_I	šamru_I	8.7
ezzu_I	gapšu_I	5
gamru_I	šuklulu_I	7
dannu_I	gāmiru_I	6.4
dannu_I	šalmu_I	2.2
kanšu_I	kanāšu_I	9.2
kanšu_I	rūqu_I	1.4
kīnu_I	kayyamānu_I	8.3
adru_I	eṭû_I	8.3
lemnu_I	bīšu_I	7
lemnu_I	damqu_I	6.4
mahrû_I	rēštû_I	6.8
mahrû_I	rapšu_I	1.8
nawru_I	ebbu_I	8.4
nawru_I	peṣû_I	6.2
qurbu_I	qerbu_I	9.4
qurbu_I	šalmu_I	1.6
rabû_I	baʾlu_2	4.6
rabû_I	ellu_I	2.2
rapšu_I	napšu_I	6.6
rapšu_I	ṣehru_I	5
raqqu_I	qatnu_I	7.9
raqqu_I	ṣehru_I	4.8
rēmēnû_I	gāmilu_I	8.2
rēmēnû_I	ṣīru_I	3
rūqu_I	bēru_I	7.3
rūqu_I	rapšu_I	5.6
šadlu_I	palkû_I	8.1
šadlu_I	kabtu_I	4
šaknu_I	nadû_I	7.6
emqu_I	eršu_I	8.2
sāmu_I	ruššû_I	8.9
sāmu_I	ṣalmu_I	5.6
šaqû_I	zaqru_I	7.9
šaqû_I	ebbu_I	3.6
šurbû_I	šūturu_I	8.5
šurbû_I	damqu_I	5.8
ṭābu_I	damqu_I	9.1
ṭābu_I	našû_I	1.2
ṣehru_I	maṭû_I	6.2
ṣehru_I	wīṣu_I	6.6
ṣēru_I	kutallu_I	7
ṣēru_I	pānu_I	5.6
azamru_I	inbu_I	8
azamru_I	supurgilu_I	7
bābu_I	abullu_I	8.6
bābu_I	ilu_I	2.2
balāṭu_I	bulṭu_I	8.8
balāṭu_I	ūmu_I	3.2
burku_I	birku_I	9.4
burku_I	ṣarpu_I	2.2
dabdû_I	tahtû_I	9.5
dabdû_I	ummānu_I	2.4
danānu_I	dunnu_I	8.8
danānu_I	bēlu_I	4.6
dumqu_I	ṭābtu_I	9.1
dumqu_I	lumnu_I	6.4
emūqu_I	dannūtu_I	8
emūqu_I	muhhu_I	3.2
erṣetu_I	eperu_I	7
erṣetu_I	ilu_I	2.4
eršu_IV	mayyālu_I	8.6
eršu_IV	gimru_I	1.2
ešertu_I	guršu_I	7
ešertu_I	ilu_I	3.6
gušūru_I	gišmahhu_I	7
gušūru_I	pānu_I	1.2
gušūru_I	šurmēnu_I	7
hammurtu_I	kurunu_I	7.8
hammurtu_I	maziu_I	2.4
harrānu_I	gerru_I	9.1
harrānu_I	ūmu_I	2
hātu_I	gilittu_I	8.8
hātu_I	gerru_I	2.2
hengallu_I	lalû_I	7.2
hengallu_I	nišu_I	1.6
idu_I	ahu_II	8.1
idu_I	šadû_II	2.4
ikribu_I	supû_I	8.1
ikribu_I	ilu_I	3.2
išdu_I	temmēnu_I	8
išdu_I	qablu_I	2.6
ištaru_I	iltu_I	9.1
ištaru_I	ilu_I	7.6
itû_I	tahūmu_I	8.2
itû_I	ālu_I	3
uznu_I	pû_I	4.6
kadrû_I	šeriktu_I	8.2
kadrû_I	biltu_I	4
kadrû_I	nīqu_I	6.6
kakku_I	haṭṭu_II	7.6
kakku_I	ilu_I	2.4
karānu_I	tillatu_II	8.4
karānu_I	dišpu_I	5.4
kaspu_I	ṣarpu_I	7.6
kaspu_I	šiqlu_I	6.2
kitru_I	rēṣūtu_I	8
kitru_I	ṣēru_I	1.6
kūdanu_I	parû_I	8.7
kūdanu_I	alpu_I	5.6
kusāpu_I	akalu_I	8.5
kusāpu_I	maštītu_I	4.2
lemuttu_I	lumnu_I	9.2
lemuttu_I	qātu_I	1.6
libbu_I	bītānu_I	6
libbu_I	pû_I	2.6
malku_I	rubû_I	8.4
malku_I	bēlūtu_I	7.8
mazzāzu_I	mazzaztu_I	9.2
mazzāzu_I	martu_I	4.2
mû_I	māmū_I	8.8
mû_I	nāru_I	5.8
mūšabu_I	šubtu_I	9.2
mūšabu_I	ālu_I	6.6
nabnītu_I	binûtu_I	9
nabnītu_I	patāqu_I	7
nakru_I	ayyābu_I	8.9
nakru_I	bēlu_I	2.8
namurratu_I	namrīru_I	9.4
namurratu_I	salīmu_I	2.4
gērû_I	māhiru_I	7.4
gērû_I	nakru_I	8.6
narkabtu_I	mugerru_I	8.6
narkabtu_I	kakku_I	3.6
nāṣiru_I	maṣṣartu_I	9.4
nāṣiru_I	mātu_I	1.4
nību_I	nibītu_I	9.4
nību_I	ṣēru_I	1.4
nīru_I	abšānu_I	8.8
nīru_I	māru_I	1.4
nišu_I	ṣābu_I	8.2
nišu_I	māru_I	6
nuhšu_I	ṭuhdu_I	8.5
nuhšu_I	ilu_I	2
pagru_I	libbu_I	4.2
pagru_I	zumru_I	7.2
pagru_I	šarru_I	1.4
pānu_I	mahru_II	8.6
pānu_I	nūru_I	1.8
papāhu_I	atmanu_I	8.9
papāhu_I	bābu_I	3.4
pīhātu_I	pūtuhhu_I	8.6
pīhātu_I	gimru_I	1.8
qātu_I	rittu_I	8.3
qātu_I	libbu_I	3.2
qerbu_II	qablītu_I	8.2
qerbu_II	ēkallu_I	3.2
qibītu_I	atwû_I	8.3
qibītu_I	šumu_I	4.2
pēthallu_I	rākibu_I	7.2
pēthallu_I	sisû_I	8.4
rēšu_I	qaqqadu_I	8.3
rēšu_I	ištānu_I	2.8
riksu_I	illatu_I	3
riksu_I	eršahungû_I	2.4
šamû_I	burūmû_I	8
šamû_I	zunnu_I	4.2
šamû_I	šūtu_II	2.4
šangûtu_I	kiništu_I	7.2
šangûtu_I	šarru_I	4.4
šawiru_I	unqu_I	7.2
šawiru_I	ṣarpu_I	3.2
šēru_II	šiāru_I	9.6
šēru_II	warhu_I	4
ṣēru_I	kutallu_I	7
ṣēru_I	pānu_I	6.2
šību_I	mukinnu_I	8.4
šību_I	kunukku_I	3.4
šiddu_I	aslu_II	4.8
šiddu_I	battu_I	6.8
šiddu_I	ēkallu_I	1.4
sīhu_I	bārtu_I	8.9
sīhu_I	mātu_I	2.2
šikittu_I	gattu_I	7.2
šikittu_I	pūtu_I	3
ṣītu_I	mūṣû_I	8.8
ṣītu_I	mārtu_I	4.2
sūqu_I	rebītu_I	8.3
sūqu_I	bēlūtu_I	1.4
tāhāzu_I	qablu_II	8.9
tāhāzu_I	kakku_I	4.4
tamītu_I	māmītu_I	8.4
tamītu_I	uṣurtu_I	3.2
ṭūbu_I	dumqu_I	9.3
ṭūbu_I	šarru_I	1.4
uṭṭatu_I	û_I	7.6
uṭṭatu_I	ebūru_I	6.6
uznu_I	hasīsu_I	7.8
uznu_I	pû_I	4.6
dipāru_I	gizillû_I	8.4
dipāru_I	ṣētu_I	6.4
šakānu_I	karāru_I	5.2
amāru_I	barû_I	7.2
amāru_I	dagālu_I	7.4
ṭabāhu_I	palāqu_I	8.7
aṣû_I	alāku_I	7.4
banû_IV	bašāmu_II	7.8
banû_IV	šakānu_I	5.8
barû_I	dagālu_I	7.2
barû_I	šâlu_I	5.6
baṭālu_I	naparkû_II	8.5
baṭālu_I	ṣullû_I	1.8
batāqu_I	kašāṭu_I	8.2
batāqu_I	wabālu_I	1.4
dabābu_II	zakāru_I	7
dabābu_II	šemû_I	5.2
dâku_I	nêru_I	8.9
dâku_I	šagāšu_I	8.6
dalālu_II	nâdu_I	8.3
dalālu_II	qabû_II	6.6
danānu_II	gašāru_1	8.2
danānu_II	erēbu_I	1.4
ebēru_I	nabalkutu_II	5.6
ebēru_I	kašādu_I	3.4
ekēmu_I	tabālu_I	8.2
ekēmu_I	dâku_I	3.2
ezēzu_I	zenû_II	9.1
ezēzu_I	ṣarāhu_III	5.2
haṭû_II	habālu_II	8.2
haṭû_II	dabābu_II	1.6
hepû_II	šebēru_I	8.7
hepû_II	naṣāru_I	3.8
karābu_II	suppû_II	8.9
karābu_II	amāru_I	1.4
kaṣāru_I	rakāsu_I	8.2
kaṣāru_I	šapāru_I	2.4
katāmu_I	arāmu_I	8.5
katāmu_I	ṣabātu_I	4.8
laššu_I	yānu_I	8.9
laššu_I	târu_I	1.4
leqû_II	ahāzu_I	7.5
leqû_II	epēšu_II	2
mahāṣu_I	nêru_I	6.8
mahāṣu_I	alāku_I	1.6
malû_IV	šebû_I	6.6
malû_IV	šuklulu_I	5.6
nadānu_II	qiāšu_I	8.6
nadānu_II	šakānu_I	4.8
nadû_III	nasāku_I	7.8
nadû_III	šapāru_I	2.2
nakāru_I	šanû_IV	6.8
nakāru_I	halāqu_I	2.4
napāhu_I	ziāqu_I	5.2
napāhu_I	šaqû_II	4
napālu_I	haṭāṭu_I	6
napālu_I	išû_I	1.2
nasāqu_I	bêru_I	7.6
nasāqu_I	našû_II	2.2
našû_II	matāhu_I	8
našû_II	amāru_I	1.2
nawāru_I	nabāṭu_I	8.3
nawāru_I	mašāhu_I	1.6
pahāru_II	šabāšu_I	8
pahāru_II	erēbu_I	2.2
palāhu_I	adāru_II	8.3
palāhu_I	šahātu_III	8.7
paṭāru_I	pašāru_I	8.1
paṭāru_I	izuzzu_I	1.4
rakāsu_I	ṣabātu_I	4.2
râbu_I	galātu_I	7.6
râbu_I	nâšu_I	7.8
rakāsu_I	kasû_III	8.5
rakāsu_I	šakānu_I	4.8
šanānu_I	mašālu_I	8.2
šanānu_I	ezēbu_I	1.4
šapāku_I	tabāku_I	8.4
šapāku_I	nakālu_I	1.8
šapāru_I	ṭarādu_I	5.2
šapāru_I	nadānu_II	3.4
šakānu_I	parāku_I	4.2
šarāpu_I	qalû_II	8
ṣarāru_I	mašāhu_II	7.8
ṣarāru_I	alāku_I	2
šasû_I	ragāmu_I	8.4
šasû_I	qabû_II	7.4
šemû_I	wadû_I	4.8
šemû_I	šasû_I	3.8
šuklulu_I	gamāru_II	7.8
šuklulu_I	šakānu_I	4
takālu_I	rahāṣu_II	8.2
takālu_I	ṣabātu_I	1.6
ṭiābu_I	damāqu_I	8.7
ṭiābu_I	rapāšu_I	2.4
wabālu_I	našû_II	7.4
wabālu_I	pahāru_II	2.6
šasû_I	karābu_II	4.4
ezēzu_I	šabāsu_I	8.6
ezēzu_I	šasû_I	4
balālu_I	hiāqu_I	7.8
ṭiābu_I	šalāmu_II	7.6
takālu_I	qiāpu_I	7.9