raṣpu_I	epēšu_II	7.3
eddu_I	zaqtu_I	7.9
ekdu_I	nadru_I	8.6
ezzu_I	šamru_I	8.7
gamru_I	šuklulu_I	7
dannu_I	šalmu_I	2.2
kanšu_I	kanāšu_I	9.2
kanšu_I	rūqu_I	1.4
kīnu_I	kayyamānu_I	8.3
adru_I	eṭû_I	8.3
mahrû_I	rapšu_I	1.8
nawru_I	ebbu_I	8.4
nawru_I	peṣû_I	6.2
qurbu_I	qerbu_I	9.4
qurbu_I	šalmu_I	1.6
rēmēnû_I	gāmilu_I	8.2
šaknu_I	nadû_I	7.6
emqu_I	eršu_I	8.2
sāmu_I	ruššû_I	8.9
šurbû_I	šūturu_I	8.5
ṭābu_I	damqu_I	9.1
ṭābu_I	našû_I	1.2
burku_I	birku_I	9.4
dabdû_I	tahtû_I	9.5
danānu_I	dunnu_I	8.8
dumqu_I	ṭābtu_I	9.1
emūqu_I	dannūtu_I	8
eršu_IV	mayyālu_I	8.6
eršu_IV	gimru_I	1.2
gušūru_I	pānu_I	1.2
harrānu_I	gerru_I	9.1
hātu_I	gilittu_I	8.8
hātu_I	gerru_I	2.2
hengallu_I	nišu_I	1.6
išdu_I	temmēnu_I	8
kadrû_I	nīqu_I	6.6
karānu_I	tillatu_II	8.4
kitru_I	ṣēru_I	1.6
kusāpu_I	akalu_I	8.5
lemuttu_I	lumnu_I	9.2
mazzāzu_I	mazzaztu_I	9.2
mūšabu_I	šubtu_I	9.2
nabnītu_I	binûtu_I	9
nabnītu_I	patāqu_I	7
nakru_I	ayyābu_I	8.9
namurratu_I	namrīru_I	9.4
gērû_I	nakru_I	8.6
narkabtu_I	mugerru_I	8.6
nāṣiru_I	maṣṣartu_I	9.4
nāṣiru_I	mātu_I	1.4
nību_I	nibītu_I	9.4
nību_I	ṣēru_I	1.4
nīru_I	abšānu_I	8.8
nīru_I	māru_I	1.4
nišu_I	ṣābu_I	8.2
nuhšu_I	ṭuhdu_I	8.5
pagru_I	šarru_I	1.4
pānu_I	mahru_II	8.6
papāhu_I	atmanu_I	8.9
qātu_I	rittu_I	8.3
qerbu_II	qablītu_I	8.2
qibītu_I	atwû_I	8.3
pēthallu_I	sisû_I	8.4
rēšu_I	qaqqadu_I	8.3
šēru_II	šiāru_I	9.6
šību_I	mukinnu_I	8.4
šiddu_I	battu_I	6.8
šiddu_I	ēkallu_I	1.4
sūqu_I	rebītu_I	8.3
sūqu_I	bēlūtu_I	1.4
tāhāzu_I	qablu_II	8.9
ṭūbu_I	dumqu_I	9.3
ṭūbu_I	šarru_I	1.4
uṭṭatu_I	ebūru_I	6.6
dipāru_I	gizillû_I	8.4
ṭabāhu_I	palāqu_I	8.7
baṭālu_I	naparkû_II	8.5
batāqu_I	kašāṭu_I	8.2
batāqu_I	wabālu_I	1.4
dâku_I	nêru_I	8.9
dâku_I	šagāšu_I	8.6
dalālu_II	nâdu_I	8.3
danānu_II	gašāru_1	8.2
danānu_II	erēbu_I	1.4
ekēmu_I	tabālu_I	8.2
ezēzu_I	zenû_II	9.1
haṭû_II	habālu_II	8.2
haṭû_II	dabābu_II	1.6
hepû_II	šebēru_I	8.7
karābu_II	suppû_II	8.9
karābu_II	amāru_I	1.4
kaṣāru_I	rakāsu_I	8.2
katāmu_I	arāmu_I	8.5
laššu_I	yānu_I	8.9
laššu_I	târu_I	1.4
mahāṣu_I	alāku_I	1.6
nadānu_II	qiāšu_I	8.6
nadû_III	nasāku_I	7.8
napāhu_I	šaqû_II	4
napālu_I	išû_I	1.2
našû_II	matāhu_I	8
našû_II	amāru_I	1.2
nawāru_I	mašāhu_I	1.6
palāhu_I	adāru_II	8.3
palāhu_I	šahātu_III	8.7
paṭāru_I	pašāru_I	8.1
paṭāru_I	izuzzu_I	1.4
rakāsu_I	kasû_III	8.5
šanānu_I	mašālu_I	8.2
šanānu_I	ezēbu_I	1.4
šapāku_I	tabāku_I	8.4
ṣarāru_I	mašāhu_II	7.8
ṣarāru_I	alāku_I	2
šasû_I	ragāmu_I	8.4
takālu_I	rahāṣu_II	8.2
takālu_I	ṣabātu_I	1.6
ṭiābu_I	damāqu_I	8.7
ezēzu_I	šabāsu_I	8.6
ṭiābu_I	šalāmu_II	7.6
