leqû_II	ahāzu_I	7.20
ṣēru_I	pānu_I	5.00
uznu_I	pû_I	4.60
nakāru_I	šanû_IV	6.40
dumqu_I	ṭābtu_I	8.60
nadû_III	šapāru_I	2.20
aṣû_I	alāku_I	7.20
bābu_I	abullu_I	8.40
ešertu_I	guršu_I	6.60
dâku_I	nêru_I	8.60
nuhšu_I	ilu_I	1.60
šēru_II	šiāru_I	9.60
nawāru_I	mašāhu_I	1.60
namurratu_I	namrīru_I	9.40
ešertu_I	ilu_I	3.60
napālu_I	išû_I	1.00
šangûtu_I	kiništu_I	6.80
idu_I	šadû_II	2.40
palāhu_I	šahātu_III	8.40
ištaru_I	ilu_I	7.00
šamû_I	šūtu_II	1.80
hepû_II	naṣāru_I	3.60
libbu_I	bītānu_I	5.60
šangûtu_I	šarru_I	5.00
ṣēru_I	kutallu_I	6.60
šiddu_I	battu_I	6.40
nasāqu_I	našû_II	2.00
papāhu_I	bābu_I	3.20
kadrû_I	šeriktu_I	7.80
lemnu_I	damqu_I	5.20
baṭālu_I	ṣullû_I	1.80
dannu_I	gāmiru_I	6.20
katāmu_I	arāmu_I	8.20
pīhātu_I	gimru_I	1.80
pagru_I	šarru_I	1.20
ekēmu_I	tabālu_I	8.00
šadlu_I	palkû_I	7.60
ezēzu_I	šasû_I	3.60
ṭiābu_I	damāqu_I	8.40
harrānu_I	gerru_I	8.80
kaspu_I	ṣarpu_I	7.20
šuklulu_I	gamāru_II	7.40
tāhāzu_I	kakku_I	4.40
nību_I	ṣēru_I	1.20
papāhu_I	atmanu_I	8.60
nawāru_I	nabāṭu_I	8.20
ekdu_I	nadru_I	8.60
mû_I	māmū_I	8.60
barû_I	dagālu_I	6.80
kaṣāru_I	šapāru_I	2.40
našû_II	amāru_I	1.20
amāru_I	dagālu_I	7.20
ṭiābu_I	rapāšu_I	2.40
šurbû_I	damqu_I	5.00
rabû_I	ellu_I	2.20
palāhu_I	adāru_II	8.00
eršu_IV	mayyālu_I	8.60
šamû_I	burūmû_I	7.60
nawru_I	ebbu_I	8.00
hammurtu_I	kurunu_I	7.40
mazzāzu_I	martu_I	4.20
azamru_I	supurgilu_I	6.80
ikribu_I	supû_I	7.80
kūdanu_I	alpu_I	5.60
dipāru_I	gizillû_I	8.20
šarāpu_I	qalû_II	7.80
nasāqu_I	bêru_I	7.20
dipāru_I	ṣētu_I	6.20
rēšu_I	ištānu_I	2.80
ellu_I	ṣīru_I	5.00
šuklulu_I	šakānu_I	5.00
sīhu_I	bārtu_I	8.60
hengallu_I	lalû_I	7.00
rapšu_I	ṣehru_I	3.60
pagru_I	libbu_I	3.60
šaknu_I	nadû_I	7.40
azamru_I	inbu_I	7.60
banû_IV	šakānu_I	5.80
nuhšu_I	ṭuhdu_I	8.20
gušūru_I	pānu_I	1.00
nišu_I	māru_I	5.60
wabālu_I	našû_II	7.00
mahrû_I	rapšu_I	1.80
šapāru_I	nadānu_II	4.00
dumqu_I	lumnu_I	5.20
pīhātu_I	pūtuhhu_I	8.60
karābu_II	suppû_II	8.60
napāhu_I	ziāqu_I	5.00
sāmu_I	ruššû_I	8.40
emūqu_I	muhhu_I	3.20
šawiru_I	unqu_I	7.00
ezēzu_I	šabāsu_I	8.40
pahāru_II	šabāšu_I	7.60
batāqu_I	kašāṭu_I	7.80
šurbû_I	šūturu_I	8.20
šaqû_I	ebbu_I	3.20
šaqû_I	zaqru_I	7.80
gērû_I	māhiru_I	7.20
ṭiābu_I	šalāmu_II	7.40
sūqu_I	rebītu_I	7.80
