balāṭu_I	bulṭu_I	8.80
šību_I	mukinnu_I	8.00
kitru_I	ṣēru_I	1.40
burku_I	ṣarpu_I	2.60
burku_I	birku_I	9.40
danānu_II	gašāru_1	7.80
ṣarāru_I	alāku_I	2.00
dabābu_II	šemû_I	3.80
qātu_I	rittu_I	8.20
kakku_I	haṭṭu_II	7.40
lemuttu_I	qātu_I	1.40
malku_I	rubû_I	8.20
rūqu_I	rapšu_I	6.00
raqqu_I	ṣehru_I	4.00
rakāsu_I	kasû_III	8.20
rēmēnû_I	ṣīru_I	2.80
šiddu_I	ēkallu_I	1.40
uznu_I	hasīsu_I	7.40
gušūru_I	šurmēnu_I	6.60
riksu_I	eršahungû_I	2.40
danānu_I	bēlu_I	4.40
haṭû_II	dabābu_II	1.60
itû_I	tahūmu_I	7.80
ezzu_I	šamru_I	8.40
ṣehru_I	maṭû_I	5.80
paṭāru_I	izuzzu_I	1.40
nīru_I	māru_I	1.20
sīhu_I	mātu_I	2.20
rabû_I	baʾlu_2	4.00
raqqu_I	qatnu_I	7.60
qātu_I	libbu_I	3.20
qerbu_II	qablītu_I	8.20
pēthallu_I	rākibu_I	7.20
balāṭu_I	ūmu_I	3.20
dalālu_II	qabû_II	6.20
ṣītu_I	mārtu_I	3.80
takālu_I	rahāṣu_II	8.00
danānu_II	erēbu_I	1.20
balālu_I	hiāqu_I	7.60
nakru_I	bēlu_I	3.20
ezzu_I	gapšu_I	4.80
bābu_I	ilu_I	2.20
ebēru_I	nabalkutu_II	5.20
ṭabāhu_I	palāqu_I	8.40
kadrû_I	biltu_I	3.40
rakāsu_I	ṣabātu_I	5.00
šapāku_I	nakālu_I	1.00
uznu_I	pû_I	4.60
napāhu_I	šaqû_II	3.80
emūqu_I	dannūtu_I	7.60
šemû_I	wadû_I	5.20
pēthallu_I	sisû_I	8.00
qibītu_I	atwû_I	8.00
pahāru_II	erēbu_I	2.60
takālu_I	ṣabātu_I	1.60
rēmēnû_I	gāmilu_I	7.80
eddu_I	arku_I	2.80
šadlu_I	kabtu_I	4.00
ṭūbu_I	dumqu_I	9.00
mahāṣu_I	alāku_I	1.40
pānu_I	mahru_II	8.40
nadû_III	nasāku_I	7.60
karābu_II	amāru_I	1.20
mūšabu_I	šubtu_I	9.40
šapāru_I	ṭarādu_I	4.80
hātu_I	gilittu_I	8.60
hātu_I	gerru_I	2.00
amru_I	barû_II	7.40
rūqu_I	bēru_I	5.60
erṣetu_I	ilu_I	2.00
išdu_I	temmēnu_I	7.60
šikittu_I	gattu_I	6.80
ikribu_I	ilu_I	3.40
nību_I	nibītu_I	9.40
libbu_I	pû_I	2.20
danānu_I	dunnu_I	8.80
eddu_I	zaqtu_I	7.60
dabdû_I	tahtû_I	9.20
namurratu_I	salīmu_I	2.40
dannu_I	šalmu_I	2.40
karānu_I	tillatu_II	8.00
raṣpu_I	epēšu_II	7.00
nīru_I	abšānu_I	8.60
mahrû_I	rēštû_I	6.40
mû_I	nāru_I	5.40
nawru_I	peṣû_I	5.80
malû_IV	šuklulu_I	5.20
nabnītu_I	patāqu_I	6.80
ṭābu_I	našû_I	1.00
laššu_I	yānu_I	8.80
barû_I	šâlu_I	5.40
sāmu_I	ṣalmu_I	5.60
kakku_I	ilu_I	2.40
šību_I	kunukku_I	3.40
wabālu_I	pahāru_II	2.60
narkabtu_I	kakku_I	3.80
laššu_I	târu_I	1.20
nāṣiru_I	maṣṣartu_I	9.40
ellu_I	zakû_I	6.80
mazzāzu_I	mazzaztu_I	9.20
