tāhāzu_I	qablu_II	8.60
amāru_I	barû_I	6.80
nabnītu_I	binûtu_I	9.00
paṭāru_I	pašāru_I	7.80
qibītu_I	šumu_I	3.80
dabdû_I	ummānu_I	2.40
ṭūbu_I	šarru_I	1.20
kusāpu_I	maštītu_I	3.60
ištaru_I	iltu_I	8.80
malû_IV	šebû_I	6.20
šanānu_I	mašālu_I	7.80
napālu_I	haṭāṭu_I	5.80
narkabtu_I	mugerru_I	8.40
eršu_IV	gimru_I	1.00
gērû_I	nakru_I	8.40
kanšu_I	rūqu_I	1.40
šasû_I	qabû_II	6.80
šanānu_I	ezēbu_I	1.40
pānu_I	nūru_I	1.80
šēru_II	warhu_I	4.00
šiddu_I	aslu_II	4.80
ekdu_I	ṣīru_I	2.60
našû_II	matāhu_I	7.80
kanšu_I	kanāšu_I	9.20
ṣarāru_I	mašāhu_II	7.40
ezēzu_I	ṣarāhu_III	5.00
dâku_I	šagāšu_I	8.60
hepû_II	šebēru_I	8.40
išdu_I	qablu_I	2.60
dalālu_II	nâdu_I	7.80
lemnu_I	bīšu_I	6.80
rakāsu_I	šakānu_I	5.20
mūšabu_I	ālu_I	6.20
šamû_I	zunnu_I	4.20
gamru_I	šuklulu_I	6.80
šawiru_I	ṣarpu_I	2.60
riksu_I	illatu_I	2.60
qurbu_I	qerbu_I	9.20
šemû_I	šasû_I	3.00
emqu_I	eršu_I	8.00
šapāku_I	tabāku_I	8.00
ezēzu_I	zenû_II	9.00
banû_IV	bašāmu_II	7.40
pagru_I	zumru_I	6.80
šakānu_I	parāku_I	5.20
ṣītu_I	mūṣû_I	8.00
dabābu_II	zakāru_I	6.60
šasû_I	karābu_II	4.40
ṣēru_I	pānu_I	4.20
qerbu_II	ēkallu_I	2.60
baṭālu_I	naparkû_II	8.20
nakru_I	ayyābu_I	8.80
mahāṣu_I	nêru_I	6.40
itû_I	ālu_I	2.80
kitru_I	rēṣūtu_I	7.80
tamītu_I	māmītu_I	8.20
nadānu_II	qiāšu_I	8.20
leqû_II	epēšu_II	2.00
šikittu_I	pūtu_I	3.00
karānu_I	dišpu_I	5.40
haṭû_II	habālu_II	8.20
ṭābu_I	damqu_I	8.80
uṭṭatu_I	ebūru_I	6.00
nadānu_II	šakānu_I	5.40
batāqu_I	wabālu_I	1.80
kaspu_I	šiqlu_I	5.80
takālu_I	qiāpu_I	7.60
hengallu_I	nišu_I	1.40
nakāru_I	halāqu_I	2.80
katāmu_I	ṣabātu_I	4.40
kadrû_I	nīqu_I	6.20
amru_I	pānû_I	2.00
râbu_I	nâšu_I	7.80
ebēru_I	kašādu_I	3.40
malku_I	bēlūtu_I	7.40
sūqu_I	bēlūtu_I	1.20
šakānu_I	karāru_I	5.00
kusāpu_I	akalu_I	8.00
nišu_I	ṣābu_I	7.80
šasû_I	ragāmu_I	8.00
rēšu_I	qaqqadu_I	8.40
lemuttu_I	lumnu_I	9.20
kaṣāru_I	rakāsu_I	8.00
uṭṭatu_I	û_I	7.00
kūdanu_I	parû_I	8.40
ṣēru_I	kutallu_I	6.60
tamītu_I	uṣurtu_I	3.00
adru_I	eṭû_I	7.80
gušūru_I	gišmahhu_I	6.80
ṣehru_I	wīṣu_I	6.40
kīnu_I	kayyamānu_I	8.20
rapšu_I	napšu_I	6.20
harrānu_I	ūmu_I	2.20
erṣetu_I	eperu_I	6.80
ekēmu_I	dâku_I	3.20
nāṣiru_I	mātu_I	1.20
râbu_I	galātu_I	7.20
idu_I	ahu_II	7.80
hammurtu_I	maziu_I	2.80
qurbu_I	šalmu_I	1.40
