ekdu_I	nadru_I	8.6
ezzu_I	šamru_I	8.7
kanšu_I	rūqu_I	1.4
kīnu_I	kayyamānu_I	8.3
nawru_I	ebbu_I	8.4
qurbu_I	qerbu_I	9.4
sāmu_I	ruššû_I	8.9
ṭābu_I	našû_I	1.2
eršu_IV	mayyālu_I	8.6
eršu_IV	gimru_I	1.2
gušūru_I	pānu_I	1.2
hātu_I	gilittu_I	8.8
hengallu_I	nišu_I	1.6
karānu_I	tillatu_II	8.4
lemuttu_I	lumnu_I	9.2
mūšabu_I	šubtu_I	9.2
nakru_I	ayyābu_I	8.9
namurratu_I	namrīru_I	9.4
gērû_I	nakru_I	8.6
narkabtu_I	mugerru_I	8.6
nāṣiru_I	maṣṣartu_I	9.4
nību_I	nibītu_I	9.4
nību_I	ṣēru_I	1.4
nīru_I	abšānu_I	8.8
nišu_I	ṣābu_I	8.2
nuhšu_I	ṭuhdu_I	8.5
pānu_I	mahru_II	8.6
papāhu_I	atmanu_I	8.9
qātu_I	rittu_I	8.3
qibītu_I	atwû_I	8.3
šēru_II	šiāru_I	9.6
šiddu_I	ēkallu_I	1.4
sūqu_I	rebītu_I	8.3
sūqu_I	bēlūtu_I	1.4
ṭūbu_I	šarru_I	1.4
uṭṭatu_I	ebūru_I	6.6
ṭabāhu_I	palāqu_I	8.7
dâku_I	šagāšu_I	8.6
danānu_II	erēbu_I	1.4
ekēmu_I	tabālu_I	8.2
hepû_II	šebēru_I	8.7
karābu_II	suppû_II	8.9
karābu_II	amāru_I	1.4
katāmu_I	arāmu_I	8.5
laššu_I	yānu_I	8.9
napālu_I	išû_I	1.2
našû_II	amāru_I	1.2
palāhu_I	šahātu_III	8.7
šanānu_I	ezēbu_I	1.4
šasû_I	ragāmu_I	8.4
ezēzu_I	šabāsu_I	8.6
ṭiābu_I	šalāmu_II	7.6
