amru_I	barû_II	7.40
amru_I	pānû_I	2.00
raṣpu_I	epēšu_II	7.00
eddu_I	zaqtu_I	7.60
eddu_I	arku_I	2.80
ekdu_I	nadru_I	8.60
ekdu_I	ṣīru_I	2.60
ellu_I	zakû_I	6.80
ellu_I	ṣīru_I	5.00
ezzu_I	šamru_I	8.40
ezzu_I	gapšu_I	4.80
gamru_I	šuklulu_I	6.80
dannu_I	gāmiru_I	6.20
dannu_I	šalmu_I	2.40
kanšu_I	kanāšu_I	9.20
kanšu_I	rūqu_I	1.40
kīnu_I	kayyamānu_I	8.20
adru_I	eṭû_I	7.80
lemnu_I	bīšu_I	6.80
lemnu_I	damqu_I	5.20
mahrû_I	rēštû_I	6.40
mahrû_I	rapšu_I	1.80
nawru_I	ebbu_I	8.00
nawru_I	peṣû_I	5.80
qurbu_I	qerbu_I	9.20
qurbu_I	šalmu_I	1.40
rabû_I	baʾlu_2	4.00
rabû_I	ellu_I	2.20
rapšu_I	napšu_I	6.20
rapšu_I	ṣehru_I	3.60
raqqu_I	qatnu_I	7.60
raqqu_I	ṣehru_I	4.00
rēmēnû_I	gāmilu_I	7.80
rēmēnû_I	ṣīru_I	2.80
rūqu_I	bēru_I	5.60
rūqu_I	rapšu_I	6.00
šadlu_I	palkû_I	7.60
šadlu_I	kabtu_I	4.00
šaknu_I	nadû_I	7.40
emqu_I	eršu_I	8.00
sāmu_I	ruššû_I	8.40
sāmu_I	ṣalmu_I	5.60
šaqû_I	zaqru_I	7.80
šaqû_I	ebbu_I	3.20
šurbû_I	šūturu_I	8.20
šurbû_I	damqu_I	5.00
ṭābu_I	damqu_I	8.80
ṭābu_I	našû_I	1.00
ṣehru_I	maṭû_I	5.80
ṣehru_I	wīṣu_I	6.40
ṣēru_I	kutallu_I	6.60
ṣēru_I	pānu_I	4.20
azamru_I	inbu_I	7.60
azamru_I	supurgilu_I	6.80
bābu_I	abullu_I	8.40
bābu_I	ilu_I	2.20
balāṭu_I	bulṭu_I	8.80
balāṭu_I	ūmu_I	3.20
burku_I	birku_I	9.40
burku_I	ṣarpu_I	2.60
dabdû_I	tahtû_I	9.20
dabdû_I	ummānu_I	2.40
danānu_I	dunnu_I	8.80
danānu_I	bēlu_I	4.40
dumqu_I	ṭābtu_I	8.60
dumqu_I	lumnu_I	5.20
emūqu_I	dannūtu_I	7.60
emūqu_I	muhhu_I	3.20
erṣetu_I	eperu_I	6.80
erṣetu_I	ilu_I	2.00
eršu_IV	mayyālu_I	8.60
eršu_IV	gimru_I	1.00
ešertu_I	guršu_I	6.60
ešertu_I	ilu_I	3.60
gušūru_I	gišmahhu_I	6.80
gušūru_I	pānu_I	1.00
gušūru_I	šurmēnu_I	6.60
hammurtu_I	kurunu_I	7.40
hammurtu_I	maziu_I	2.80
harrānu_I	gerru_I	8.80
harrānu_I	ūmu_I	2.20
hātu_I	gilittu_I	8.60
hātu_I	gerru_I	2.00
hengallu_I	lalû_I	7.00
hengallu_I	nišu_I	1.40
idu_I	ahu_II	7.80
idu_I	šadû_II	2.40
ikribu_I	supû_I	7.80
ikribu_I	ilu_I	3.40
išdu_I	temmēnu_I	7.60
išdu_I	qablu_I	2.60
ištaru_I	iltu_I	8.80
ištaru_I	ilu_I	7.00
itû_I	tahūmu_I	7.80
itû_I	ālu_I	2.80
uznu_I	pû_I	4.60
kadrû_I	šeriktu_I	7.80
kadrû_I	biltu_I	3.40
kadrû_I	nīqu_I	6.20
kakku_I	haṭṭu_II	7.40
kakku_I	ilu_I	2.40
karānu_I	tillatu_II	8.00
karānu_I	dišpu_I	5.40
kaspu_I	ṣarpu_I	7.20
kaspu_I	šiqlu_I	5.80
kitru_I	rēṣūtu_I	7.80
kitru_I	ṣēru_I	1.40
kūdanu_I	parû_I	8.40
kūdanu_I	alpu_I	5.60
kusāpu_I	akalu_I	8.00
kusāpu_I	maštītu_I	3.60
lemuttu_I	lumnu_I	9.20
lemuttu_I	qātu_I	1.40
libbu_I	bītānu_I	5.60
libbu_I	pû_I	2.20
malku_I	rubû_I	8.20
malku_I	bēlūtu_I	7.40
mazzāzu_I	mazzaztu_I	9.20
mazzāzu_I	martu_I	4.20
mû_I	māmū_I	8.60
mû_I	nāru_I	5.40
mūšabu_I	šubtu_I	9.40
mūšabu_I	ālu_I	6.20
nabnītu_I	binûtu_I	9.00
nabnītu_I	patāqu_I	6.80
nakru_I	ayyābu_I	8.80
nakru_I	bēlu_I	3.20
namurratu_I	namrīru_I	9.40
namurratu_I	salīmu_I	2.40
gērû_I	māhiru_I	7.20
gērû_I	nakru_I	8.40
narkabtu_I	mugerru_I	8.40
narkabtu_I	kakku_I	3.80
nāṣiru_I	maṣṣartu_I	9.40
nāṣiru_I	mātu_I	1.20
nību_I	nibītu_I	9.40
nību_I	ṣēru_I	1.20
nīru_I	abšānu_I	8.60
nīru_I	māru_I	1.20
nišu_I	ṣābu_I	7.80
nišu_I	māru_I	5.60
nuhšu_I	ṭuhdu_I	8.20
nuhšu_I	ilu_I	1.60
pagru_I	libbu_I	3.60
pagru_I	zumru_I	6.80
pagru_I	šarru_I	1.20
pānu_I	mahru_II	8.40
pānu_I	nūru_I	1.80
papāhu_I	atmanu_I	8.60
papāhu_I	bābu_I	3.20
pīhātu_I	pūtuhhu_I	8.60
pīhātu_I	gimru_I	1.80
qātu_I	rittu_I	8.20
qātu_I	libbu_I	3.20
qerbu_II	qablītu_I	8.20
qerbu_II	ēkallu_I	2.60
qibītu_I	atwû_I	8.00
qibītu_I	šumu_I	3.80
pēthallu_I	rākibu_I	7.20
pēthallu_I	sisû_I	8.00
rēšu_I	qaqqadu_I	8.40
rēšu_I	ištānu_I	2.80
riksu_I	illatu_I	2.60
riksu_I	eršahungû_I	2.40
šamû_I	burūmû_I	7.60
šamû_I	zunnu_I	4.20
šamû_I	šūtu_II	1.80
šangûtu_I	kiništu_I	6.80
šangûtu_I	šarru_I	5.00
šawiru_I	unqu_I	7.00
šawiru_I	ṣarpu_I	2.60
šēru_II	šiāru_I	9.60
šēru_II	warhu_I	4.00
ṣēru_I	kutallu_I	6.60
ṣēru_I	pānu_I	5.00
šību_I	mukinnu_I	8.00
šību_I	kunukku_I	3.40
šiddu_I	aslu_II	4.80
šiddu_I	battu_I	6.40
šiddu_I	ēkallu_I	1.40
sīhu_I	bārtu_I	8.60
sīhu_I	mātu_I	2.20
šikittu_I	gattu_I	6.80
šikittu_I	pūtu_I	3.00
ṣītu_I	mūṣû_I	8.00
ṣītu_I	mārtu_I	3.80
sūqu_I	rebītu_I	7.80
sūqu_I	bēlūtu_I	1.20
tāhāzu_I	qablu_II	8.60
tāhāzu_I	kakku_I	4.40
tamītu_I	māmītu_I	8.20
tamītu_I	uṣurtu_I	3.00
ṭūbu_I	dumqu_I	9.00
ṭūbu_I	šarru_I	1.20
uṭṭatu_I	û_I	7.00
uṭṭatu_I	ebūru_I	6.00
uznu_I	hasīsu_I	7.40
uznu_I	pû_I	4.60
dipāru_I	gizillû_I	8.20
dipāru_I	ṣētu_I	6.20
šakānu_I	karāru_I	5.00
amāru_I	barû_I	6.80
amāru_I	dagālu_I	7.20
ṭabāhu_I	palāqu_I	8.40
aṣû_I	alāku_I	7.20
banû_IV	bašāmu_II	7.40
banû_IV	šakānu_I	5.80
barû_I	dagālu_I	6.80
barû_I	šâlu_I	5.40
baṭālu_I	naparkû_II	8.20
baṭālu_I	ṣullû_I	1.80
batāqu_I	kašāṭu_I	7.80
batāqu_I	wabālu_I	1.80
dabābu_II	zakāru_I	6.60
dabābu_II	šemû_I	3.80
dâku_I	nêru_I	8.60
dâku_I	šagāšu_I	8.60
dalālu_II	nâdu_I	7.80
dalālu_II	qabû_II	6.20
danānu_II	gašāru_1	7.80
danānu_II	erēbu_I	1.20
ebēru_I	nabalkutu_II	5.20
ebēru_I	kašādu_I	3.40
ekēmu_I	tabālu_I	8.00
ekēmu_I	dâku_I	3.20
ezēzu_I	zenû_II	9.00
ezēzu_I	ṣarāhu_III	5.00
haṭû_II	habālu_II	8.20
haṭû_II	dabābu_II	1.60
hepû_II	šebēru_I	8.40
hepû_II	naṣāru_I	3.60
karābu_II	suppû_II	8.60
karābu_II	amāru_I	1.20
kaṣāru_I	rakāsu_I	8.00
kaṣāru_I	šapāru_I	2.40
katāmu_I	arāmu_I	8.20
katāmu_I	ṣabātu_I	4.40
laššu_I	yānu_I	8.80
laššu_I	târu_I	1.20
leqû_II	ahāzu_I	7.20
leqû_II	epēšu_II	2.00
mahāṣu_I	nêru_I	6.40
mahāṣu_I	alāku_I	1.40
malû_IV	šebû_I	6.20
malû_IV	šuklulu_I	5.20
nadānu_II	qiāšu_I	8.20
nadānu_II	šakānu_I	5.40
nadû_III	nasāku_I	7.60
nadû_III	šapāru_I	2.20
nakāru_I	šanû_IV	6.40
nakāru_I	halāqu_I	2.80
napāhu_I	ziāqu_I	5.00
napāhu_I	šaqû_II	3.80
napālu_I	haṭāṭu_I	5.80
napālu_I	išû_I	1.00
nasāqu_I	bêru_I	7.20
nasāqu_I	našû_II	2.00
našû_II	matāhu_I	7.80
našû_II	amāru_I	1.20
nawāru_I	nabāṭu_I	8.20
nawāru_I	mašāhu_I	1.60
pahāru_II	šabāšu_I	7.60
pahāru_II	erēbu_I	2.60
palāhu_I	adāru_II	8.00
palāhu_I	šahātu_III	8.40
paṭāru_I	pašāru_I	7.80
paṭāru_I	izuzzu_I	1.40
rakāsu_I	ṣabātu_I	5.00
râbu_I	galātu_I	7.20
râbu_I	nâšu_I	7.80
rakāsu_I	kasû_III	8.20
rakāsu_I	šakānu_I	5.20
šanānu_I	mašālu_I	7.80
šanānu_I	ezēbu_I	1.40
šapāku_I	tabāku_I	8.00
šapāku_I	nakālu_I	1.00
šapāru_I	ṭarādu_I	4.80
šapāru_I	nadānu_II	4.00
šakānu_I	parāku_I	5.20
šarāpu_I	qalû_II	7.80
ṣarāru_I	mašāhu_II	7.40
ṣarāru_I	alāku_I	2.00
šasû_I	ragāmu_I	8.00
šasû_I	qabû_II	6.80
šemû_I	wadû_I	5.20
šemû_I	šasû_I	3.00
šuklulu_I	gamāru_II	7.40
šuklulu_I	šakānu_I	5.00
takālu_I	rahāṣu_II	8.00
takālu_I	ṣabātu_I	1.60
ṭiābu_I	damāqu_I	8.40
ṭiābu_I	rapāšu_I	2.40
wabālu_I	našû_II	7.00
wabālu_I	pahāru_II	2.60
šasû_I	karābu_II	4.40
ezēzu_I	šabāsu_I	8.40
ezēzu_I	šasû_I	3.60
balālu_I	hiāqu_I	7.60
ṭiābu_I	šalāmu_II	7.40
takālu_I	qiāpu_I	7.60