šēru_II	šiāru_I	9.60
nību_I	nibītu_I	9.40
nāṣiru_I	maṣṣartu_I	9.40
namurratu_I	namrīru_I	9.40
mūšabu_I	šubtu_I	9.40
burku_I	birku_I	9.40
qurbu_I	qerbu_I	9.20
mazzāzu_I	mazzaztu_I	9.20
lemuttu_I	lumnu_I	9.20
kanšu_I	kanāšu_I	9.20
dabdû_I	tahtû_I	9.20
ṭūbu_I	dumqu_I	9.00
nabnītu_I	binûtu_I	9.00
ezēzu_I	zenû_II	9.00
ṭābu_I	damqu_I	8.80
nakru_I	ayyābu_I	8.80
laššu_I	yānu_I	8.80
ištaru_I	iltu_I	8.80
harrānu_I	gerru_I	8.80
danānu_I	dunnu_I	8.80
balāṭu_I	bulṭu_I	8.80
tāhāzu_I	qablu_II	8.60
sīhu_I	bārtu_I	8.60
pīhātu_I	pūtuhhu_I	8.60
papāhu_I	atmanu_I	8.60
nīru_I	abšānu_I	8.60
mû_I	māmū_I	8.60
karābu_II	suppû_II	8.60
hātu_I	gilittu_I	8.60
eršu_IV	mayyālu_I	8.60
ekdu_I	nadru_I	8.60
dâku_I	šagāšu_I	8.60
dâku_I	nêru_I	8.60
dumqu_I	ṭābtu_I	8.60
ṭiābu_I	damāqu_I	8.40
ṭabāhu_I	palāqu_I	8.40
sāmu_I	ruššû_I	8.40
rēšu_I	qaqqadu_I	8.40
pānu_I	mahru_II	8.40
palāhu_I	šahātu_III	8.40
narkabtu_I	mugerru_I	8.40
kūdanu_I	parû_I	8.40
hepû_II	šebēru_I	8.40
gērû_I	nakru_I	8.40
ezēzu_I	šabāsu_I	8.40
ezzu_I	šamru_I	8.40
bābu_I	abullu_I	8.40
šurbû_I	šūturu_I	8.20
tamītu_I	māmītu_I	8.20
rakāsu_I	kasû_III	8.20
qātu_I	rittu_I	8.20
qerbu_II	qablītu_I	8.20
nuhšu_I	ṭuhdu_I	8.20
nawāru_I	nabāṭu_I	8.20
nadānu_II	qiāšu_I	8.20
malku_I	rubû_I	8.20
kīnu_I	kayyamānu_I	8.20
katāmu_I	arāmu_I	8.20
haṭû_II	habālu_II	8.20
dipāru_I	gizillû_I	8.20
baṭālu_I	naparkû_II	8.20
ṣītu_I	mūṣû_I	8.00
šību_I	mukinnu_I	8.00
šasû_I	ragāmu_I	8.00
šapāku_I	tabāku_I	8.00
takālu_I	rahāṣu_II	8.00
qibītu_I	atwû_I	8.00
pēthallu_I	sisû_I	8.00
palāhu_I	adāru_II	8.00
nawru_I	ebbu_I	8.00
kusāpu_I	akalu_I	8.00
kaṣāru_I	rakāsu_I	8.00
karānu_I	tillatu_II	8.00
emqu_I	eršu_I	8.00
ekēmu_I	tabālu_I	8.00
šarāpu_I	qalû_II	7.80
šaqû_I	zaqru_I	7.80
šanānu_I	mašālu_I	7.80
sūqu_I	rebītu_I	7.80
rēmēnû_I	gāmilu_I	7.80
râbu_I	nâšu_I	7.80
paṭāru_I	pašāru_I	7.80
nišu_I	ṣābu_I	7.80
našû_II	matāhu_I	7.80
kitru_I	rēṣūtu_I	7.80
kadrû_I	šeriktu_I	7.80
itû_I	tahūmu_I	7.80
ikribu_I	supû_I	7.80
idu_I	ahu_II	7.80
danānu_II	gašāru_1	7.80
dalālu_II	nâdu_I	7.80
batāqu_I	kašāṭu_I	7.80
adru_I	eṭû_I	7.80
šamû_I	burūmû_I	7.60
šadlu_I	palkû_I	7.60
takālu_I	qiāpu_I	7.60
raqqu_I	qatnu_I	7.60
pahāru_II	šabāšu_I	7.60
nadû_III	nasāku_I	7.60
išdu_I	temmēnu_I	7.60
