ekēmu_I	tabālu_I	8.00
šuklulu_I	gamāru_II	7.75
šikittu_I	gattu_I	6.50
šiddu_I	aslu_II	5.00
azamru_I	supurgilu_I	7.50
nāṣiru_I	mātu_I	1.50
qurbu_I	šalmu_I	1.75
malku_I	rubû_I	8.75
pānu_I	nūru_I	1.75
hammurtu_I	kurunu_I	7.50
karābu_II	amāru_I	1.25
batāqu_I	kašāṭu_I	8.00
sīhu_I	mātu_I	2.00
nīru_I	māru_I	1.50
danānu_I	dunnu_I	8.75
mahāṣu_I	nêru_I	6.25
papāhu_I	bābu_I	3.25
ṣēru_I	pānu_I	5.00
ištaru_I	ilu_I	7.75
raṣpu_I	epēšu_II	7.00
itû_I	tahūmu_I	7.75
malû_IV	šuklulu_I	4.50
šemû_I	šasû_I	3.00
laššu_I	yānu_I	8.50
balālu_I	hiāqu_I	8.25
barû_I	dagālu_I	7.00
nasāqu_I	bêru_I	7.00
danānu_II	erēbu_I	1.25
balāṭu_I	bulṭu_I	8.50
nadû_III	nasāku_I	7.25
šemû_I	wadû_I	5.00
nadû_III	šapāru_I	2.25
aṣû_I	alāku_I	7.75
dabābu_II	zakāru_I	7.50
kanšu_I	rūqu_I	1.25
pahāru_II	erēbu_I	2.25
dâku_I	nêru_I	8.75
itû_I	ālu_I	2.75
ṣehru_I	wīṣu_I	7.25
ṭiābu_I	rapāšu_I	2.50
ezzu_I	gapšu_I	4.75
mahrû_I	rēštû_I	7.75
kūdanu_I	alpu_I	5.75
eršu_IV	gimru_I	1.25
batāqu_I	wabālu_I	1.50
šanānu_I	ezēbu_I	1.25
nāṣiru_I	maṣṣartu_I	9.25
hepû_II	naṣāru_I	4.25
baṭālu_I	ṣullû_I	1.25
ebēru_I	kašādu_I	2.50
dumqu_I	lumnu_I	5.25
haṭû_II	dabābu_II	1.25
riksu_I	illatu_I	3.00
šapāru_I	ṭarādu_I	4.00
nakāru_I	halāqu_I	3.00
šaknu_I	nadû_I	7.50
takālu_I	qiāpu_I	7.75
šarāpu_I	qalû_II	7.75
šikittu_I	pūtu_I	3.00
eddu_I	arku_I	2.25
lemnu_I	bīšu_I	7.50
gušūru_I	gišmahhu_I	8.00
nawru_I	ebbu_I	8.00
uznu_I	hasīsu_I	8.00
eršu_IV	mayyālu_I	8.50
šību_I	kunukku_I	3.75
gērû_I	māhiru_I	6.75
karānu_I	tillatu_II	8.00
šasû_I	ragāmu_I	8.00
kaspu_I	šiqlu_I	6.25
mūšabu_I	ālu_I	5.75
šawiru_I	ṣarpu_I	2.75
libbu_I	bītānu_I	6.50
idu_I	šadû_II	2.50
dalālu_II	qabû_II	6.00
šību_I	mukinnu_I	8.00
napāhu_I	ziāqu_I	5.25
mû_I	nāru_I	6.00
idu_I	ahu_II	7.75
išdu_I	qablu_I	2.25
nību_I	ṣēru_I	1.25
laššu_I	târu_I	1.50
ellu_I	zakû_I	7.75
šangûtu_I	šarru_I	5.75
ekdu_I	nadru_I	8.50
ebēru_I	nabalkutu_II	6.00
rapšu_I	ṣehru_I	4.50
šaqû_I	zaqru_I	7.50
pīhātu_I	pūtuhhu_I	8.25
burku_I	birku_I	9.50
kūdanu_I	parû_I	9.00
tāhāzu_I	kakku_I	5.00
dannu_I	gāmiru_I	7.00
ṭūbu_I	šarru_I	1.25
pagru_I	šarru_I	1.50
nakru_I	bēlu_I	3.50
nadānu_II	šakānu_I	5.75
nišu_I	ṣābu_I	7.75
barû_I	šâlu_I	5.75
nuhšu_I	ṭuhdu_I	8.25