šamû_I	zunnu_I	4.20
mazzāzu_I	martu_I	4.20
šēru_II	warhu_I	4.00
šapāru_I	nadānu_II	4.00
šadlu_I	kabtu_I	4.00
raqqu_I	ṣehru_I	4.00
rabû_I	baʾlu_2	4.00
ṣītu_I	mārtu_I	3.80
qibītu_I	šumu_I	3.80
narkabtu_I	kakku_I	3.80
napāhu_I	šaqû_II	3.80
dabābu_II	šemû_I	3.80
rapšu_I	ṣehru_I	3.60
pagru_I	libbu_I	3.60
kusāpu_I	maštītu_I	3.60
hepû_II	naṣāru_I	3.60
ešertu_I	ilu_I	3.60
ezēzu_I	šasû_I	3.60
šību_I	kunukku_I	3.40
kadrû_I	biltu_I	3.40
ikribu_I	ilu_I	3.40
ebēru_I	kašādu_I	3.40
šaqû_I	ebbu_I	3.20
qātu_I	libbu_I	3.20
papāhu_I	bābu_I	3.20
nakru_I	bēlu_I	3.20
emūqu_I	muhhu_I	3.20
ekēmu_I	dâku_I	3.20
balāṭu_I	ūmu_I	3.20
šikittu_I	pūtu_I	3.00
šemû_I	šasû_I	3.00
tamītu_I	uṣurtu_I	3.00
rēšu_I	ištānu_I	2.80
rēmēnû_I	ṣīru_I	2.80
nakāru_I	halāqu_I	2.80
itû_I	ālu_I	2.80
hammurtu_I	maziu_I	2.80
eddu_I	arku_I	2.80
šawiru_I	ṣarpu_I	2.60
wabālu_I	pahāru_II	2.60
riksu_I	illatu_I	2.60
qerbu_II	ēkallu_I	2.60
pahāru_II	erēbu_I	2.60
išdu_I	qablu_I	2.60
ekdu_I	ṣīru_I	2.60
burku_I	ṣarpu_I	2.60
ṭiābu_I	rapāšu_I	2.40
riksu_I	eršahungû_I	2.40
namurratu_I	salīmu_I	2.40
kaṣāru_I	šapāru_I	2.40
kakku_I	ilu_I	2.40
idu_I	šadû_II	2.40
dannu_I	šalmu_I	2.40
dabdû_I	ummānu_I	2.40
sīhu_I	mātu_I	2.20
rabû_I	ellu_I	2.20
nadû_III	šapāru_I	2.20
libbu_I	pû_I	2.20
harrānu_I	ūmu_I	2.20
bābu_I	ilu_I	2.20
ṣarāru_I	alāku_I	2.00
nasāqu_I	našû_II	2.00
leqû_II	epēšu_II	2.00
hātu_I	gerru_I	2.00
erṣetu_I	ilu_I	2.00
amru_I	pānû_I	2.00
šamû_I	šūtu_II	1.80
pīhātu_I	gimru_I	1.80
pānu_I	nūru_I	1.80
mahrû_I	rapšu_I	1.80
baṭālu_I	ṣullû_I	1.80
batāqu_I	wabālu_I	1.80
takālu_I	ṣabātu_I	1.60
nuhšu_I	ilu_I	1.60
nawāru_I	mašāhu_I	1.60
haṭû_II	dabābu_II	1.60
šiddu_I	ēkallu_I	1.40
šanānu_I	ezēbu_I	1.40
qurbu_I	šalmu_I	1.40
paṭāru_I	izuzzu_I	1.40
mahāṣu_I	alāku_I	1.40
lemuttu_I	qātu_I	1.40
kitru_I	ṣēru_I	1.40
kanšu_I	rūqu_I	1.40
hengallu_I	nišu_I	1.40
ṭūbu_I	šarru_I	1.20
sūqu_I	bēlūtu_I	1.20
pagru_I	šarru_I	1.20
nīru_I	māru_I	1.20
nību_I	ṣēru_I	1.20
nāṣiru_I	mātu_I	1.20
našû_II	amāru_I	1.20
laššu_I	târu_I	1.20
karābu_II	amāru_I	1.20
danānu_II	erēbu_I	1.20
ṭābu_I	našû_I	1.00
šapāku_I	nakālu_I	1.00
napālu_I	išû_I	1.00
gušūru_I	pānu_I	1.00
eršu_IV	gimru_I	1.00
