eddu_I	arku_I	4
ellu_I	zakû_I	7
ellu_I	ṣīru_I	5.4
lemnu_I	damqu_I	6.4
mahrû_I	rēštû_I	6.8
rabû_I	baʾlu_2	4.6
rapšu_I	ṣehru_I	5
raqqu_I	ṣehru_I	4.8
rūqu_I	bēru_I	7.3
rūqu_I	rapšu_I	5.6
šadlu_I	kabtu_I	4
sāmu_I	ṣalmu_I	5.6
ṣehru_I	maṭû_I	6.2
ṣehru_I	wīṣu_I	6.6
ṣēru_I	pānu_I	5.6
dumqu_I	lumnu_I	6.4
gušūru_I	gišmahhu_I	7
kadrû_I	biltu_I	4
karānu_I	dišpu_I	5.4
kaspu_I	ṣarpu_I	7.6
kusāpu_I	maštītu_I	4.2
libbu_I	bītānu_I	6
mazzāzu_I	martu_I	4.2
nakru_I	bēlu_I	2.8
narkabtu_I	kakku_I	3.6
pagru_I	libbu_I	4.2
qerbu_II	ēkallu_I	3.2
qibītu_I	šumu_I	4.2
šamû_I	zunnu_I	4.2
šangûtu_I	šarru_I	4.4
šēru_II	warhu_I	4
ṣēru_I	kutallu_I	7
ṣēru_I	pānu_I	6.2
šiddu_I	aslu_II	4.8
ṣītu_I	mārtu_I	4.2
tāhāzu_I	kakku_I	4.4
tamītu_I	uṣurtu_I	3.2
uṭṭatu_I	û_I	7.6
šakānu_I	karāru_I	5.2
dabābu_II	zakāru_I	7
dabābu_II	šemû_I	5.2
ebēru_I	nabalkutu_II	5.6
ezēzu_I	ṣarāhu_III	5.2
hepû_II	naṣāru_I	3.8
katāmu_I	ṣabātu_I	4.8
malû_IV	šebû_I	6.6
malû_IV	šuklulu_I	5.6
nadānu_II	šakānu_I	4.8
napāhu_I	ziāqu_I	5.2
napālu_I	haṭāṭu_I	6
rakāsu_I	ṣabātu_I	4.2
šapāru_I	ṭarādu_I	5.2
šakānu_I	parāku_I	4.2
šemû_I	wadû_I	4.8
šemû_I	šasû_I	3.8
šasû_I	karābu_II	4.4
ezēzu_I	šasû_I	4
