emūqu_I	dannūtu_I	7.60
eddu_I	zaqtu_I	7.60
balālu_I	hiāqu_I	7.60
azamru_I	inbu_I	7.60
ṭiābu_I	šalāmu_II	7.40
ṣarāru_I	mašāhu_II	7.40
šuklulu_I	gamāru_II	7.40
šaknu_I	nadû_I	7.40
uznu_I	hasīsu_I	7.40
malku_I	bēlūtu_I	7.40
kakku_I	haṭṭu_II	7.40
hammurtu_I	kurunu_I	7.40
banû_IV	bašāmu_II	7.40
amru_I	barû_II	7.40
râbu_I	galātu_I	7.20
pēthallu_I	rākibu_I	7.20
nasāqu_I	bêru_I	7.20
leqû_II	ahāzu_I	7.20
kaspu_I	ṣarpu_I	7.20
gērû_I	māhiru_I	7.20
aṣû_I	alāku_I	7.20
amāru_I	dagālu_I	7.20
šawiru_I	unqu_I	7.00
wabālu_I	našû_II	7.00
uṭṭatu_I	û_I	7.00
raṣpu_I	epēšu_II	7.00
ištaru_I	ilu_I	7.00
hengallu_I	lalû_I	7.00
šikittu_I	gattu_I	6.80
šasû_I	qabû_II	6.80
šangûtu_I	kiništu_I	6.80
pagru_I	zumru_I	6.80
nabnītu_I	patāqu_I	6.80
lemnu_I	bīšu_I	6.80
gušūru_I	gišmahhu_I	6.80
gamru_I	šuklulu_I	6.80
erṣetu_I	eperu_I	6.80
ellu_I	zakû_I	6.80
barû_I	dagālu_I	6.80
azamru_I	supurgilu_I	6.80
amāru_I	barû_I	6.80
ṣēru_I	kutallu_I	6.60
ṣēru_I	kutallu_I	6.60
gušūru_I	šurmēnu_I	6.60
ešertu_I	guršu_I	6.60
dabābu_II	zakāru_I	6.60
ṣehru_I	wīṣu_I	6.40
šiddu_I	battu_I	6.40
nakāru_I	šanû_IV	6.40
mahāṣu_I	nêru_I	6.40
mahrû_I	rēštû_I	6.40
rapšu_I	napšu_I	6.20
mūšabu_I	ālu_I	6.20
malû_IV	šebû_I	6.20
kadrû_I	nīqu_I	6.20
dipāru_I	ṣētu_I	6.20
dannu_I	gāmiru_I	6.20
dalālu_II	qabû_II	6.20
uṭṭatu_I	ebūru_I	6.00
rūqu_I	rapšu_I	6.00
ṣehru_I	maṭû_I	5.80
nawru_I	peṣû_I	5.80
napālu_I	haṭāṭu_I	5.80
kaspu_I	šiqlu_I	5.80
banû_IV	šakānu_I	5.80
sāmu_I	ṣalmu_I	5.60
rūqu_I	bēru_I	5.60
nišu_I	māru_I	5.60
libbu_I	bītānu_I	5.60
kūdanu_I	alpu_I	5.60
nadānu_II	šakānu_I	5.40
mû_I	nāru_I	5.40
karānu_I	dišpu_I	5.40
barû_I	šâlu_I	5.40
šemû_I	wadû_I	5.20
šakānu_I	parāku_I	5.20
rakāsu_I	šakānu_I	5.20
malû_IV	šuklulu_I	5.20
lemnu_I	damqu_I	5.20
ebēru_I	nabalkutu_II	5.20
dumqu_I	lumnu_I	5.20
ṣēru_I	pānu_I	5.00
šurbû_I	damqu_I	5.00
šuklulu_I	šakānu_I	5.00
šangûtu_I	šarru_I	5.00
šakānu_I	karāru_I	5.00
rakāsu_I	ṣabātu_I	5.00
napāhu_I	ziāqu_I	5.00
ezēzu_I	ṣarāhu_III	5.00
ellu_I	ṣīru_I	5.00
šiddu_I	aslu_II	4.80
šapāru_I	ṭarādu_I	4.80
ezzu_I	gapšu_I	4.80
uznu_I	pû_I	4.60
uznu_I	pû_I	4.60
šasû_I	karābu_II	4.40
tāhāzu_I	kakku_I	4.40
katāmu_I	ṣabātu_I	4.40
danānu_I	bēlu_I	4.40
ṣēru_I	pānu_I	4.20
